Start Date,End Date,Response Type,IP Address,Progress,Duration (in seconds),Finished,Recorded Date,Response ID,Recipient Last Name,Recipient First Name,Recipient Email,External Data Reference,Location Latitude,Location Longitude,Distribution Channel,User Language,Community Involvement,Not Listed Communities,Associated Communities,Main Community,Community Scale,U.S. Born,State,Country,Years on Island:,Months on Island:,Stay on Island:,Feel Aloha Spirit,Hawaiian Culture,Residence,Education,Gender,Religious View,Sexuality,Relationship Status ,Age,Occcupation,Other Occupation
5/14/2025,5/14/2025,Survey Preview,,100,303,True,5/14/2025 0:15,R_65AgaamGfVxOhd7,,,,,21.3133,-157.823,preview,EN,"Acroyoga,Rock Climbing,Free Diving / Scuba Diving,Spiritual,Music,Art / Vending",,"Volley Ball,Fire Spinning,Surfing,Running,Calisthenics,Boating,Dance,Art / Vending,Music Production,Yoga,Paddling / Outrigger",Acroyoga,7.0,Yes,Florida,,1.0,,Yep.,Almost Always,A little,Honolulu,Bachelor’s degree,Female,Christian,Heterosexual,Single,25 - 34,,
5/14/2025,5/14/2025,Survey Preview,,100,188,True,5/14/2025 0:27,R_7Dwjn0ZS4REgIZj,,,,,21.3513,-157.8725,preview,EN,"Fire Spinning,Bar Scene,Spiritual,Music,Theatre,Dance,Art / Vending",,"Fire Spinning,Spiritual",Fire Spinning,6.0,Yes,,,,,I'm still feeling it out... We'll see.,Sometimes,A moderate amount,Honolulu,Associates or technical degree,Female,Christian,Heterosexual,Single,35 - 44,Tech,
5/14/2025,5/14/2025,Survey Preview,,100,431,True,5/14/2025 0:27,R_54dFprQXvmkNOIw,,,,,21.2982,-157.8444,preview,EN,"Rock Climbing,Free Diving / Scuba Diving,Bar Scene,Surfing,Spiritual,Running,Music,Art / Vending,Yoga,Slackline / Highline",,"Acroyoga,Fire Spinning,Calisthenics",Art / Vending,1.0,Yes,Pennsylvania,,6.0,,Yep.,Almost Always,A lot,Honolulu,Bachelor’s degree,Male,Christian,Heterosexual,Single,25 - 34,Freelance,
5/16/2025,5/16/2025,Survey Preview,,100,223,True,5/16/2025 16:44,R_1q1X9JmySJ0KoFa,,,,,21.3513,-157.8725,preview,EN,"Acroyoga,Fire Spinning,Surfing",,"Volley Ball,LGBTQ,Rock Climbing,Dance,Slackline / Highline,13",Surfing,5.0,Yes,Connecticut,,4.0,,I'm still feeling it out... We'll see.,Almost Always,A lot,Central Oahu,Bachelor’s degree,Female,Christian,Heterosexual,Taken - in a monogamous relationship,25 - 34,Military,
5/16/2025,5/16/2025,Survey Preview,,100,257,True,5/16/2025 17:24,R_63ifX3SvSKKFudr,,,,,21.2982,-157.8444,preview,EN,"Acroyoga,Other / I don't see a community listed here","Hiking, disc golf ","Volley Ball,Fire Spinning,Rock Climbing,Free Diving / Scuba Diving,Calisthenics,Yoga,Slackline / Highline",Acroyoga,,Yes,Ohio,,2.0,,Nope.,Almost Always,A moderate amount,Honolulu,"Graduate or professional degree (MA, MS, MBA, PhD, JD, MD, DDS etc.)",Male,"Agnostic, Atheist, or non-religious",Heterosexual,Taken - in a monogamous relationship,25 - 34,Medical Field / Healthcare,
5/16/2025,5/16/2025,Survey Preview,,100,256,True,5/16/2025 18:41,R_1Cj9usjUjiIY4O5,,,,,21.3513,-157.8725,preview,EN,"Acroyoga,Fire Spinning,Spiritual,Art / Vending,Yoga",,"Rock Climbing,Surfing,Running,Calisthenics,Boating,Dance,Slackline / Highline,13",Acroyoga,5.0,Yes,New York,,2.0,,Yep.,Almost Always,A moderate amount,Honolulu,Bachelor’s degree,Female,Christian,Heterosexual,Single,18 - 24,Business and Sales,
5/16/2025,5/16/2025,Survey Preview,,100,49,True,5/16/2025 18:57,R_1T9Fm2PPNXayFcl,,,,,21.3266,-157.8621,preview,EN,,,,,,,,,,,,,,,,,,,,,,
5/16/2025,5/16/2025,Survey Preview,,100,173,True,5/16/2025 19:00,R_15MBhmjgKFNn29k,,,,,21.3266,-157.8621,preview,EN,"Acroyoga,Volley Ball,Rock Climbing,Spiritual,Calisthenics,Yoga,Slackline / Highline",,Bar Scene,Acroyoga,6.0,Yes,Michigan,,5.0,,I'm still feeling it out... We'll see.,Sometimes,A little,Honolulu,"Graduate or professional degree (MA, MS, MBA, PhD, JD, MD, DDS etc.)",Male,"Agnostic, Atheist, or non-religious",Heterosexual,Single,35 - 44,Tech,
5/17/2025,5/17/2025,Survey Preview,,100,325,True,5/17/2025 21:20,R_59d5s6ehUtTje2B,,,,,21.2891,-157.8028,preview,EN,"Acroyoga,Fire Spinning,Rock Climbing,Free Diving / Scuba Diving,Spiritual,Running,Yoga,13",,"Volley Ball,Music,Music Production,Slackline / Highline",Slackline / Highline,7.0,No,,France,3.0,,Yep.,Half of the time,A moderate amount,Honolulu,"Graduate or professional degree (MA, MS, MBA, PhD, JD, MD, DDS etc.)",Male,Christian,Heterosexual,Single,35 - 44,Tech,
5/17/2025,5/17/2025,Survey Preview,,100,188,True,5/17/2025 21:25,R_5Op3IYBxg9DhLOI,,,,,21.3513,-157.8725,preview,EN,"LGBTQ,Fire Spinning,Spiritual,Music,Yoga",,"Acroyoga,Art / Vending,Music Production","Spiritual (meditations, retreats, etc.)",7.0,Yes,Ohio,,0.0,3.0,Yep.,Almost Always,A moderate amount,Honolulu,"Graduate or professional degree (MA, MS, MBA, PhD, JD, MD, DDS etc.)",Female,Christian,Bisexual,Fluid - open to whatever happens,25 - 34,"Freelance,Research",
5/17/2025,5/17/2025,Survey Preview,,100,240,True,5/17/2025 21:26,R_6OOEfGUuvh6WNa5,,,,,21.3513,-157.8725,preview,EN,"LGBTQ,Fire Spinning,Rock Climbing,Music Production,Yoga",,"Acroyoga,Free Diving / Scuba Diving,Surfing,Art / Vending","Music Production (Djs, light production, etc.)",10.0,Yes,Maryland,,16.0,,Yep.,Almost Always,A lot,Honolulu,Bachelor’s degree,Female,Christian,Gay,Single,25 - 34,Freelance,
5/17/2025,5/17/2025,Survey Preview,,100,291,True,5/17/2025 21:26,R_3r0oktnjnSOPs1P,,,,,21.3513,-157.8725,preview,EN,"Acroyoga,Poetry,Fire Spinning,Bar Scene,Spiritual,Boating,Music,Yoga,Other / I don't see a community listed here,13",Business community / there’s a community of workers here in downtown Honolulu that Work for local corporate businesses etc. it’s like a mini NYC vibe !,"Volley Ball,LGBTQ,Rock Climbing,Free Diving / Scuba Diving,Surfing,Running,SurfBreak,Music Production,Slackline / Highline","Spiritual (meditations, retreats, etc.)",5.0,Yes,New Jersey,,3.0,,I'm still feeling it out... We'll see.,Half of the time,A moderate amount,Honolulu,Bachelor’s degree,Female,Christian,Heterosexual,Fluid - open to whatever happens,25 - 34,Marketing,
5/18/2025,5/18/2025,Survey Preview,,100,325,True,5/18/2025 20:02,R_61ZaGM13LuCTU3e,,,,,21.3133,-157.823,preview,EN,"LGBTQ,Fire Spinning,Rock Climbing,Free Diving / Scuba Diving,Surfing,Yoga",,"Volley Ball,Poetry,Running,Music Production",Surfing,5.0,Yes,Utah,,3.0,,I'm still feeling it out... We'll see.,Sometimes,A lot,Honolulu,Bachelor’s degree,Female,"Agnostic, Atheist, or non-religious",Gay,Single,25 - 34,Business and Sales,
5/19/2025,5/19/2025,Survey Preview,,100,342,True,5/19/2025 18:38,R_7nCZb6J0ITcpjBT,,,,,21.3042,-157.8588,preview,EN,"Volley Ball,Fire Spinning,SurfBreak",,"Acroyoga,Volley Ball,LGBTQ,Fire Spinning,Rock Climbing,Free Diving / Scuba Diving,Bar Scene,Surfing,Spiritual,Running,SurfBreak,Boating,Music,Dance,Slackline / Highline,13",SurfBreak,5.0,Yes,Illinois,,4.0,,Yep.,Almost Always,A lot,Honolulu,"Graduate or professional degree (MA, MS, MBA, PhD, JD, MD, DDS etc.)",Male,Christian,Heterosexual,Single,25 - 34,Tech,
5/23/2025,5/23/2025,Survey Preview,,100,446,True,5/23/2025 23:59,R_5LjzHzAHHvb8lgi,,,,,21.3133,-157.823,preview,EN,"Volley Ball,LGBTQ,Rock Climbing,Surfing,Boating,Dance,Art / Vending",,"Free Diving / Scuba Diving,Music,Yoga,Paddling / Outrigger,Other / I don't see a community listed here.","Dance (salsa, zouk, hip hop, etc.)",5.0,Yes,California,,2.0,,I'm still feeling it out... We'll see.,Almost Always,A moderate amount,Honolulu,Bachelor’s degree,Female,Christian,Bisexual,Single,25 - 34,Unemployed,
6/4/2025,6/4/2025,Survey Preview,,100,161,True,6/4/2025 0:48,R_3pAoJFoHARyWVqN,,,,,32.9993,-96.8346,preview,EN,"Acroyoga,Rock Climbing,Free Diving / Scuba Diving,Spiritual,Yoga,13",,"Volley Ball,Fire Spinning,Surfing,Running,Calisthenics,Dance,Music Production,Slackline / Highline",Acroyoga,10.0,Yes,Texas,,6.0,,I'm still feeling it out... We'll see.,Sometimes,A great deal,Honolulu,Bachelor’s degree,Female,Christian,Heterosexual,Single,25 - 34,Medical Field / Healthcare,
6/4/2025,6/4/2025,Survey Preview,,100,225,True,6/4/2025 3:29,R_18UGFELPV8u6qIY,,,,,21.293,-157.8268,preview,EN,"Volley Ball,Rock Climbing,Surfing,SurfBreak,Boating,Paddling / Outrigger,13",,"Acroyoga,Fire Spinning,Free Diving / Scuba Diving,Music,Art / Vending,Yoga,13",Surfing,10.0,No,,,8.0,,Yep.,Almost Always,A lot,Honolulu,Prefer not to say,Male,Christian,Heterosexual,Single,35 - 44,Military,
6/4/2025,6/4/2025,Survey Preview,,100,405,True,6/4/2025 3:51,R_7nT9pR0y6BkLDOy,,,,,21.3195,-157.8525,preview,EN,"Acroyoga,Rock Climbing,Spiritual,Running,Other / I don't see a community listed here",Aerial Silks,"LGBTQ,Fire Spinning,Free Diving / Scuba Diving,Surfing,Yoga,Slackline / Highline",Rock Climbing,7.0,Yes,California,,0.0,6.0,I'm still feeling it out... We'll see.,Almost Always,A moderate amount,Honolulu,"Graduate or professional degree (MA, MS, MBA, PhD, JD, MD, DDS etc.)",Female,Christian,Heterosexual,Taken - in a monogamous relationship,25 - 34,Community and Social Services,
6/4/2025,6/4/2025,Survey Preview,,100,171,True,6/4/2025 4:12,R_1GCv2OBloKMBkM9,,,,,21.2817,-157.825,preview,EN,"Acroyoga,Fire Spinning,Spiritual",,"Volley Ball,Rock Climbing,Running,Yoga",Acroyoga,5.0,Yes,Iowa,,4.0,,Yep.,Almost Always,A little,Honolulu,Bachelor’s degree,Male,Christian,Heterosexual,Taken - in a monogamous relationship,25 - 34,Tech,
6/4/2025,6/4/2025,Survey Preview,,100,136,True,6/4/2025 17:35,R_1zewPavWW3WYUjT,,,,,21.3571,-157.9258,preview,EN,"Volley Ball,Bar Scene,Surfing,Running,Dance,Martial Arts",,Acroyoga,Martial Arts,6.0,No,,India,28.0,,Yep.,Half of the time,A moderate amount,Honolulu,Bachelor’s degree,Male,Christian,Heterosexual,Single,25 - 34,Tech,
6/5/2025,6/5/2025,Survey Preview,,100,280,True,6/5/2025 15:47,R_3dNd0e6pWiD9l9o,,,,,21.3133,-157.823,preview,EN,"Acroyoga,Fire Spinning,Rock Climbing,Free Diving / Scuba Diving,Surfing,Spiritual,Yoga,13",,"Volley Ball,Bar Scene,SurfBreak,Music,Dance,Music Production,Slackline / Highline","Spiritual (meditations, retreats, etc.)",9.0,Yes,California,,,,I'm still feeling it out... We'll see.,Almost Always,A moderate amount,Honolulu,Bachelor’s degree,Male,Christian,Heterosexual,Taken - in a monogamous relationship,35 - 44,Business and Sales,
6/15/2025,6/15/2025,Survey Preview,,100,260,True,6/15/2025 22:37,R_3e41NGGstAQyhCP,,,,,21.3513,-157.8725,preview,EN,"LGBTQ,Fire Spinning,Free Diving / Scuba Diving,Surfing,Dance,13",,"Acroyoga,Spiritual,Boating,Music Production,Yoga,Slackline / Highline",Fire Spinning,7.0,Yes,Pennsylvania,,16.0,,Yep.,Almost Always,A lot,North Shore,"Graduate or professional degree (MA, MS, MBA, PhD, JD, MD, DDS etc.)",Female,Christian,Bisexual,Polyamorous,35 - 44,"Full-time student,Community and Social Services,Research",
6/15/2025,6/15/2025,Survey Preview,,100,593,True,6/15/2025 22:42,R_3DuuJmussB6h3jn,,,,,21.3571,-157.9258,preview,EN,"Fire Spinning,Surfing,Spiritual,Running,Music,Dance,Yoga,Paddling / Outrigger",,"Acroyoga,Volley Ball,Poetry,Rock Climbing,Free Diving / Scuba Diving,Bar Scene,Slackline / Highline",Fire Spinning,10.0,Yes,Delaware,,5.0,,Yep.,Almost Always,A moderate amount,North Shore,Bachelor’s degree,Female,Christian,Heterosexual,Fluid - open to whatever happens,35 - 44,"Hospitality (service industry, tourism, etc)",
6/15/2025,6/15/2025,Survey Preview,,100,136,True,6/15/2025 22:46,R_71SGoGjWAN5kTLv,,,,,21.3042,-157.8588,preview,EN,"LGBTQ,Fire Spinning,Bar Scene,Music,Art / Vending,13",,"Acroyoga,Rock Climbing,Free Diving / Scuba Diving,Surfing,Spiritual,Running,SurfBreak,Theatre,Dance,Martial Arts",Fire Spinning,10.0,Yes,Idaho,,5.0,,Nope.,Almost Always,A moderate amount,Honolulu,Associates or technical degree,Female,"Agnostic, Atheist, or non-religious",Pansexual,Single,25 - 34,"Hospitality (service industry, tourism, etc)",
10/22/2025,10/22/2025,Survey Preview,,100,603,True,10/22/2025 20:52,R_7el4XemM3zteBns,,,,,21.2891,-157.8028,preview,EN,"Acroyoga,Fire Spinning,Rock Climbing,Bar Scene,Surfing,Calisthenics,Boating,Music,Martial Arts,Hiking,Business / Entreprenuership",,"LGBTQ,Poetry,Surfing,Yoga,Slackline / Highline,Tech",Fire Spinning,6.0,Yes,Illinois,,8.0,,I'm still feeling it out... We'll see.,Almost Always,A moderate amount,Honolulu,Bachelor’s degree,Male,Christian,Heterosexual,Single,25 - 34,"Unemployed,Construction,Hospitality (service industry, tourism, etc)",
10/25/2025,10/25/2025,Survey Preview,,100,144,True,10/25/2025 20:08,R_7FJduUGxaGnEeOg,,,,,21.3042,-157.8588,preview,EN,"Acroyoga,Rock Climbing,Spiritual,Running,Music,Yoga,Martial Arts,Paddling / Outrigger,Hiking",,"Acroyoga,Rock Climbing,Running,Music,Hiking",Running,4.0,Yes,California,,31.0,,I'm still feeling it out... We'll see.,Half of the time,A little,Honolulu,"Graduate or professional degree (MA, MS, MBA, PhD, JD, MD, DDS etc.)",Male,Christian,Heterosexual,Single,25 - 34,Education,
10/25/2025,10/25/2025,Survey Preview,,100,248,True,10/25/2025 21:14,R_1DSZqCji8tUrTCb,,,,,21.329,-158.0119,preview,EN,"Fire Spinning,Other / I don't see a community listed here,Business / Entreprenuership","Online Gaming, Pickleball","Acroyoga,LGBTQ,Free Diving / Scuba Diving,Surfing,Spiritual,Music,Theatre,Art / Vending,Music Production,Yoga,Paddling / Outrigger,Slackline / Highline,Hiking",Fire Spinning,4.0,Yes,California,,11.0,,Yep.,Sometimes,A little,Central Oahu,Associates or technical degree,Male,Buddhist,Heterosexual,Single,25 - 34,Other,Commercial Refrigeration/HVAC
10/25/2025,10/25/2025,Survey Preview,,100,207,True,10/25/2025 23:26,R_3VJQzKxOaVwMSDy,,,,,21.2891,-157.8028,preview,EN,"LGBTQ,Spiritual",,"Acroyoga,Volley Ball,Fire Spinning,Rock Climbing,Free Diving / Scuba Diving,Surfing,Music,Music Production,Yoga,Slackline / Highline,Hiking",Fire Spinning,4.0,Yes,Massachusetts,,2.0,,Yep.,Almost Always,A moderate amount,Honolulu,"Some college, but no degree",Non-binary / third gender,Christian,Pansexual,Fluid - open to whatever happens,25 - 34,Unemployed,
10/26/2025,10/26/2025,Survey Preview,,100,17,True,10/26/2025 0:52,R_6fqiwB5cYrjpSxA,,,,,34.4129,-103.2199,preview,EN,,,,,,,,,,,,,,,,,,,,,,
10/26/2025,10/26/2025,Survey Preview,,100,163,True,10/26/2025 2:39,R_1Zz8xwLkmM0YuTD,,,,,21.3195,-157.8525,preview,EN,"Fire Spinning,Rock Climbing,Free Diving / Scuba Diving,Bar Scene,Surfing,Spiritual,Running,Music,Dance,Hiking,Business / Entreprenuership",,"Acroyoga,LGBTQ,Slackline / Highline",Fire Spinning,5.0,Yes,California,,18.0,,Yep.,,A great deal,Honolulu,Bachelor’s degree,Female,Christian,Bisexual,Taken - in a monogamous relationship,25 - 34,"Hospitality (service industry, tourism, etc)",
10/26/2025,10/26/2025,Survey Preview,,100,337,True,10/26/2025 5:34,R_1EW6teR0tLBbbop,,,,,21.3513,-157.8725,preview,EN,"LGBTQ,Fire Spinning,Rock Climbing,Surfing,Art / Vending,Music Production,Yoga,Slackline / Highline",,"Acroyoga,Volley Ball,Free Diving / Scuba Diving,Spiritual,Music,Dance,Music Production,Hiking",Slackline / Highline,9.0,Yes,California,,7.0,,I'm still feeling it out... We'll see.,Almost Always,A lot,Honolulu,"Some college, but no degree",Male,Christian,Bisexual,Polyamorous,35 - 44,"Freelance,Construction,Other","Art, fabrication "
10/27/2025,10/27/2025,Survey Preview,,100,209,True,10/27/2025 5:32,R_197dmAyVjkvjwWb,,,,,21.4535,-158.0193,preview,EN,"Rock Climbing,Free Diving / Scuba Diving,Bar Scene,Surfing,Running,Boating,Hiking",,"LGBTQ,Spiritual,Music",Hiking,7.0,Yes,Nebraska,,4.0,,I'm still feeling it out... We'll see.,Half of the time,A great deal,Central Oahu,"Some college, but no degree",Male,Christian,Heterosexual,Single,25 - 34,Military,
10/27/2025,10/27/2025,Survey Preview,,100,519,True,10/27/2025 11:14,R_68YYou1PXh9dsZx,,,,,34.0349,-117.6185,preview,EN,"Poetry,Fire Spinning,Free Diving / Scuba Diving,Spiritual,Boating,Music,Dance,Yoga,Paddling / Outrigger,Other / I don't see a community listed here,Business / Entreprenuership,Pickle Ball","archery, clean up, fishing, spear fishing, kalo farm, church, car club, movie and book clubs","Acroyoga,LGBTQ,Bar Scene,Surfing,Running,Calisthenics,SurfBreak,Music,Theatre,Slackline / Highline,Tech,Pickle Ball",Diving,10.0,Yes,Hawaii,,36.0,,I'm still feeling it out... We'll see.,,A great deal,Honolulu,Bachelor’s degree,Male,Christian,Heterosexual,Single,35 - 44,"Marketing,Freelance,Business and Sales",
10/27/2025,10/27/2025,Survey Preview,,100,221,True,10/27/2025 19:37,R_1g7VjDRWq34QeY6,,,,,21.3133,-157.823,preview,EN,"Acroyoga,Fire Spinning,Free Diving / Scuba Diving,Spiritual,Boating,Music,Dance,Yoga,Hiking",,"LGBTQ,Poetry,Free Diving / Scuba Diving,Surfing,Art / Vending,Slackline / Highline",Fire Spinning,9.0,Yes,New York,,3.0,,I'm still feeling it out... We'll see.,Sometimes,A lot,Honolulu,Bachelor’s degree,Female,Christian,Fluid,Single,25 - 34,Business and Sales,
10/27/2025,10/27/2025,Survey Preview,,100,230,True,10/27/2025 23:49,R_7jI9k9MfjZ0qR7X,,,,,21.329,-158.0119,preview,EN,"LGBTQ,Fire Spinning,Free Diving / Scuba Diving,Spiritual,Music,Yoga,Hiking,Business / Entreprenuership",,"Acroyoga,Volley Ball,Poetry,Rock Climbing,Bar Scene,Surfing,Running,Calisthenics,SurfBreak,Boating,Theatre,Dance,Art / Vending,Music Production,Martial Arts,Slackline / Highline,Tech,Pickle Ball,Farming,Hunting",Fire Spinning,7.0,Yes,Hawaii,,31.0,,Yep.,,A lot,Central Oahu,Bachelor’s degree,Female,Spiritual,Pansexual,Single,25 - 34,"Unemployed,Other",Living loving life 
10/28/2025,10/28/2025,Survey Preview,,100,262,True,10/28/2025 0:26,R_7M5xTrXToRhDUBp,,,,,21.3042,-157.8588,preview,EN,"Fire Spinning,Free Diving / Scuba Diving,Hiking",,"Acroyoga,Volley Ball,LGBTQ,Poetry,Rock Climbing,Bar Scene,Surfing,Spiritual,Running,SurfBreak,Boating,Music,Theatre,Dance,Art / Vending,Music Production,Yoga,Martial Arts,Paddling / Outrigger,Slackline / Highline,Business / Entrepreneurship,Tech,Pickle Ball,Hunting",Hiking,5.0,Yes,Hawaii,,8.0,,Yep.,Half of the time,A moderate amount,Honolulu,Bachelor’s degree,Female,Spiritual,Heterosexual,Taken - in a monogamous relationship,45 - 54,Education,
10/28/2025,10/28/2025,Survey Preview,,100,385,True,10/28/2025 1:13,R_8HjCm9IqYDM0LSy,,,,,45.8293,15.9793,preview,EN,"Acroyoga,Dance,Slackline / Highline",,"Fire Spinning,Free Diving / Scuba Diving,Surfing,Running","Dance (salsa, zouk, hip hop, etc.)",5.0,Yes,Florida,,1.0,,I'm still feeling it out... We'll see.,Sometimes,A moderate amount,Honolulu,Bachelor’s degree,Female,"Agnostic, Atheist, or non-religious",Heterosexual,Single,25 - 34,"Hospitality (service industry, tourism, etc)",
10/28/2025,10/28/2025,Survey Preview,,100,183,True,10/28/2025 2:14,R_7qpJf2Oqskn2OSk,,,,,21.2891,-157.8028,preview,EN,"Free Diving / Scuba Diving,Surfing,Music,Art / Vending",,"Volley Ball,Fire Spinning",Diving,3.0,Yes,New Jersey,,4.0,,Yep.,,A lot,Honolulu,Bachelor’s degree,Female,Other,Heterosexual,Taken - in a monogamous relationship,35 - 44,"Marketing,Hospitality (service industry, tourism, etc)",
10/28/2025,10/28/2025,Survey Preview,,100,181,True,10/28/2025 3:35,R_3I6kVTGq0yjGGCi,,,,,21.3133,-157.823,preview,EN,"Other / I don't see a community listed here,Hiking",Cycling,"Volley Ball,LGBTQ,Rock Climbing",Running,3.0,No,,Colombia,1.0,,Yep.,Sometimes,A little,Honolulu,"Graduate or professional degree (MA, MS, MBA, PhD, JD, MD, DDS etc.)",Male,"Agnostic, Atheist, or non-religious",Heterosexual,Single,25 - 34,Education,
10/29/2025,10/29/2025,Survey Preview,,100,158,True,10/29/2025 1:01,R_1jV5gYDcag23CJB,,,,,21.3042,-157.8588,preview,EN,"Acroyoga,Running,Music,Art / Vending,Yoga,Paddling / Outrigger,Hiking,Business / Entreprenuership,Pickle Ball,Farming,Hunting",,Poetry,Hiking,5.0,No,,Germany,34.0,,I'm still feeling it out... We'll see.,Almost Always,A little,East Side,Bachelor’s degree,Male,"Agnostic, Atheist, or non-religious",Bisexual,Single,35 - 44,Other,Food production
10/29/2025,10/29/2025,Survey Preview,,100,614,True,10/29/2025 1:22,R_1iON5epZWHaLmil,,,,,21.3042,-157.8588,preview,EN,"Acroyoga,Fire Spinning,Free Diving / Scuba Diving,Surfing,Slackline / Highline,Hiking",,"Volley Ball,Rock Climbing,Bar Scene,Dance,Music Production",Fire Spinning,7.0,Yes,Missouri,,2.0,,Yep.,Almost Always,A moderate amount,Honolulu,Bachelor’s degree,Female,Other,Heterosexual,Single,25 - 34,"Hospitality (service industry, tourism, etc),Other",Travel 
10/29/2025,10/29/2025,Survey Preview,,100,213,True,10/29/2025 1:28,R_1MY6bSOqnAaZnKT,,,,,21.3042,-157.8588,preview,EN,"Acroyoga,Rock Climbing,Free Diving / Scuba Diving,Spiritual,Yoga,Hiking",,"Volley Ball,LGBTQ,Fire Spinning,Surfing,Running,Calisthenics,Dance,Art / Vending,Slackline / Highline,Hiking,Business / Entrepreneurship",Acroyoga,10.0,Yes,Texas,,6.0,,Yep.,Sometimes,A lot,Honolulu,Bachelor’s degree,Female,Spiritual,Heterosexual,Taken - in a monogamous relationship,25 - 34,Medical Field / Healthcare,
10/29/2025,10/29/2025,Survey Preview,,100,215,True,10/29/2025 1:36,R_1fJpUKVqMdUNVXO,,,,,21.3042,-157.8588,preview,EN,"Acroyoga,Fire Spinning",,Fire Spinning,Acroyoga,7.0,Yes,Hawaii,,37.0,,Yep.,Sometimes,A little,West Side,"Graduate or professional degree (MA, MS, MBA, PhD, JD, MD, DDS etc.)",Male,"Agnostic, Atheist, or non-religious",Heterosexual,Single,35 - 44,"Military,Medical Field / Healthcare",
10/29/2025,10/29/2025,Survey Preview,,100,257,True,10/29/2025 1:49,R_1QXdaZ5074v6iEP,,,,,21.3042,-157.8588,preview,EN,"Acroyoga,Fire Spinning,Rock Climbing,Free Diving / Scuba Diving,Spiritual,Calisthenics,Music,Dance,Music Production,Yoga,Paddling / Outrigger,Hiking,Tech",,"Poetry,Free Diving / Scuba Diving,Bar Scene,Running,Art / Vending,Farming,Hunting",Acroyoga,10.0,Yes,Wisconsin,,18.0,,Yep.,Almost Always,A moderate amount,Honolulu,Associates or technical degree,Male,Spiritual,Heterosexual,Single,55 - 64,Other,Ret
10/29/2025,10/29/2025,Survey Preview,,100,181,True,10/29/2025 1:53,R_1pAkzDI2IaqE9JG,,,,,21.3042,-157.8588,preview,EN,"Acroyoga,Free Diving / Scuba Diving,Calisthenics,Boating,Paddling / Outrigger",,"Volley Ball,LGBTQ,Fire Spinning,Rock Climbing,Bar Scene,Surfing,Spiritual,Running,Music,Theatre,Dance,Art / Vending,Music Production,Martial Arts,Slackline / Highline,Hiking,Hunting",Diving,3.0,Yes,California,,10.0,,Yep.,Sometimes,A moderate amount,Honolulu,Bachelor’s degree,Male,"Agnostic, Atheist, or non-religious",Heterosexual,Single,25 - 34,"Research,Other",Ecosystem management
10/29/2025,10/29/2025,Survey Preview,,100,299,True,10/29/2025 2:09,R_1CdurZJr4NVpW2a,,,,,21.3042,-157.8588,preview,EN,"Acroyoga,LGBTQ,Bar Scene,Running,Yoga,Hiking",,"Volley Ball,Fire Spinning,Rock Climbing,Free Diving / Scuba Diving,Surfing,Spiritual,Calisthenics,Boating,Music,Paddling / Outrigger,Pickle Ball",Acroyoga,9.0,Yes,Florida,,4.0,,Yep.,Almost Always,A moderate amount,Honolulu,Bachelor’s degree,Female,"Agnostic, Atheist, or non-religious",Heterosexual,Single,25 - 34,Other,Airline
10/29/2025,10/29/2025,Survey Preview,,100,127,True,10/29/2025 2:26,R_1HSR5hbCCvO8LR0,,,,,21.3042,-157.8588,preview,EN,"Acroyoga,Free Diving / Scuba Diving,Surfing,Hunting",,"Music,Dance,Tech,Farming",Acroyoga,10.0,No,,Russian Federation,13.0,,Yep.,Almost Always,A lot,Honolulu,Bachelor’s degree,Male,Other,Heterosexual,Taken - in a monogamous relationship,25 - 34,Military,
10/29/2025,10/29/2025,Survey Preview,,100,206,True,10/29/2025 2:55,R_1QiiXcLjVJCORfE,,,,,21.3042,-157.8588,preview,EN,"Acroyoga,Surfing,Spiritual,Yoga,Hiking,Business / Entreprenuership",,"Volley Ball,Fire Spinning,Bar Scene,SurfBreak,Music,Art / Vending,Yoga,Tech",Yoga,6.0,Yes,Virginia,,1.0,,Yep.,Almost Always,A little,North Shore,Bachelor’s degree,Female,Spiritual,Heterosexual,Single,25 - 34,Other,"Wellness, coaching, astrology "
10/29/2025,10/29/2025,Survey Preview,,100,238,True,10/29/2025 3:02,R_1KMCqKeJHHdp1Te,,,,,21.3042,-157.8588,preview,EN,"Acroyoga,Rock Climbing,Dance,Hiking",,"Volley Ball,Fire Spinning,Surfing,Spiritual,Calisthenics",Rock Climbing,7.0,Yes,California,,6.0,,Yep.,Almost Always,A little,Honolulu,Bachelor’s degree,Female,"Agnostic, Atheist, or non-religious",Prefer not to disclose,Taken - in a monogamous relationship,25 - 34,Tech,
10/29/2025,10/29/2025,Survey Preview,,100,204,True,10/29/2025 3:06,R_110mApezJCE3ujc,,,,,21.3042,-157.8588,preview,EN,"Acroyoga,Calisthenics,Boating,Yoga,Farming",,"Volley Ball,Fire Spinning,Rock Climbing,Free Diving / Scuba Diving,Bar Scene,Surfing,Running",Acroyoga,7.0,No,,Thailand,39.0,,Yep.,Almost Always,A little,Central Oahu,"Some college, but no degree",Male,Christian,Heterosexual,Single,35 - 44,Other,Usda inspector 
10/29/2025,10/29/2025,Survey Preview,,100,382,True,10/29/2025 3:14,R_1mPN1reQviTbw9n,,,,,21.3042,-157.8588,preview,EN,"Surfing,Spiritual,Boating,Farming",,"Running,Dance,Slackline / Highline,Pickle Ball",Farming,3.0,Yes,California,,10.0,,Yep.,,A moderate amount,Honolulu,"Some college, but no degree",Male,Spiritual,Heterosexual,Fluid - open to whatever happens,35 - 44,"Unemployed,Education",
10/29/2025,10/29/2025,Survey Preview,,100,271,True,10/29/2025 3:21,R_12EKutV832Otti6,,,,,21.3042,-157.8588,preview,EN,"Acroyoga,Volley Ball,Fire Spinning,Calisthenics,Slackline / Highline",,"Rock Climbing,Free Diving / Scuba Diving,Bar Scene,Surfing,Running,Boating",,5.0,Yes,California,,8.0,,Yep.,Almost Always,A little,Honolulu,High school diploma or GED,Male,Christian,Prefer not to disclose,Single,18 - 24,Other,Farmers markets 
10/29/2025,10/29/2025,Survey Preview,,100,200,True,10/29/2025 7:38,R_3jXtJsyLJf5PmQ9,,,,,21.2891,-157.8028,preview,EN,"Surfing,Boating,Paddling / Outrigger,Hiking",,"Acroyoga,Fire Spinning,Slackline / Highline",Fire Spinning,1.0,Yes,Texas,,,,Yep.,Almost Always,A little,Honolulu,Bachelor’s degree,Male,Spiritual,Heterosexual,Single,25 - 34,Other,Construction 
10/29/2025,10/29/2025,Survey Preview,,100,192,True,10/29/2025 13:44,R_7mvQRzp6D190nsZ,,,,,21.2982,-157.8444,preview,EN,"Acroyoga,Volley Ball,Fire Spinning,Surfing,Spiritual,SurfBreak,Music,Dance,Yoga,Hiking,Business / Entreprenuership,Farming",,"Rock Climbing,Boating",Acroyoga,7.0,Yes,Florida,,16.0,,Yep.,Almost Always,A lot,Honolulu,"Graduate or professional degree (MA, MS, MBA, PhD, JD, MD, DDS etc.)",Male,"Agnostic, Atheist, or non-religious",Heterosexual,Fluid - open to whatever happens,45 - 54,"Business and Sales,Community and Social Services",
10/29/2025,10/29/2025,Survey Preview,,100,216,True,10/29/2025 18:19,R_7plOpOYIdkcnijT,,,,,21.4082,-157.7396,preview,EN,"Volley Ball,Free Diving / Scuba Diving,Surfing,Yoga,Hiking,Business / Entreprenuership",,"Fire Spinning,Art / Vending,Music Production,Paddling / Outrigger,Pickle Ball",Business / Enterpreneurship,1.0,Yes,Colorado,,1.0,,Yep.,Almost Always,A moderate amount,East Side,"Graduate or professional degree (MA, MS, MBA, PhD, JD, MD, DDS etc.)",Male,Spiritual,Heterosexual,Taken - in a monogamous relationship,35 - 44,"Tech,Business and Sales,Other",Cryptotax (Tax & Accounting)
10/29/2025,10/29/2025,Survey Preview,,100,348,True,10/29/2025 23:50,R_1kIkbS8Wx58icB2,,,,,21.3042,-157.8588,preview,EN,"Volley Ball,Poetry,Fire Spinning,Rock Climbing,Free Diving / Scuba Diving,Surfing,Spiritual,Calisthenics,Music,Dance,Music Production,Yoga,Other / I don't see a community listed here,Slackline / Highline,Hiking,Business / Entreprenuership",Cliff Jumping ,,Hiking,9.0,Yes,Tennessee,,1.0,,Nope.,Almost Always,A moderate amount,Honolulu,Prefer not to say,Male,Spiritual,Heterosexual,Single,25 - 34,"Marketing,Unemployed,Business and Sales,Other",Brand work online/social media work
10/30/2025,10/30/2025,Survey Preview,,100,257,True,10/30/2025 0:17,R_7CDUy6suQtJihbx,,,,,21.3513,-157.8725,preview,EN,"Surfing,Spiritual,Slackline / Highline,Business / Entreprenuership",,"Volley Ball,Fire Spinning,Rock Climbing,Bar Scene,Running,Music,Pickle Ball","Spiritual (meditations, retreats, etc.)",8.0,Yes,Idaho,,2.0,,I'm still feeling it out... We'll see.,,A moderate amount,Honolulu,"Some college, but no degree",Male,Spiritual,Heterosexual,Taken - in a monogamous relationship,18 - 24,Business and Sales,
10/30/2025,10/30/2025,Survey Preview,,100,298,True,10/30/2025 0:17,R_7ARmm8vN3NExt2e,,,,,21.329,-158.0119,preview,EN,"Surfing,Calisthenics",,"Free Diving / Scuba Diving,Bar Scene,Running,Calisthenics",Business / Enterpreneurship,3.0,Yes,New York,,2.0,,I'm still feeling it out... We'll see.,Sometimes,A moderate amount,Honolulu,"Some college, but no degree",Male,Buddhist,Heterosexual,Polyamorous,18 - 24,"Marketing,Freelance",
10/30/2025,10/30/2025,Survey Preview,,100,422,True,10/30/2025 0:20,R_5DqxOFfEsT62MEX,,,,,21.3513,-157.8725,preview,EN,"Fire Spinning,Free Diving / Scuba Diving,Bar Scene,Surfing,Spiritual,Boating,Music,Other / I don't see a community listed here,Slackline / Highline,Hiking,Pickle Ball",WHW,"Volley Ball,Fire Spinning,Running,Yoga,Tech",Diving,10.0,Yes,,,2.0,,Yep.,,A moderate amount,Honolulu,"Some college, but no degree",Male,Spiritual,Heterosexual,Taken - in a monogamous relationship,25 - 34,Other,Scuba diver 
10/30/2025,10/30/2025,Survey Preview,,100,181,True,10/30/2025 0:22,R_5gc0B0zfoczN77r,,,,,21.329,-158.0119,preview,EN,"Rock Climbing,Free Diving / Scuba Diving,Bar Scene,Surfing,Boating,Music,Dance,Art / Vending,Other / I don't see a community listed here,Hiking","Videography production, teaching","Volley Ball,LGBTQ,Fire Spinning,Rock Climbing,Free Diving / Scuba Diving,Bar Scene,Surfing,Running,Calisthenics,Boating,Music,Dance,Art / Vending,Music Production,Slackline / Highline,Hiking,Business / Entrepreneurship","Dance (salsa, zouk, hip hop, etc.)",8.0,Yes,Utah,,18.0,,Yep.,Almost Always,A lot,Honolulu,Prefer not to say,Male,Other,Heterosexual,Single,25 - 34,"Freelance,Business and Sales",
10/30/2025,10/30/2025,Survey Preview,,100,261,True,10/30/2025 0:38,R_1p5aiJTiF9yGFUM,,,,,21.3513,-157.8725,preview,EN,"LGBTQ,Fire Spinning,Free Diving / Scuba Diving,Boating,Slackline / Highline,Hiking",,"Acroyoga,Volley Ball,Poetry,Rock Climbing,Bar Scene,Surfing,Spiritual,Running,Calisthenics,SurfBreak,Theatre,Dance,Yoga,Martial Arts,Paddling / Outrigger,Other / I don't see a community listed here.,Business / Entrepreneurship,Tech,Farming,Hunting",Hiking,10.0,Yes,California,,18.0,,I'm still feeling it out... We'll see.,Sometimes,A great deal,West Side,High school diploma or GED,Female,"Agnostic, Atheist, or non-religious",Bisexual,Single,18 - 24,Other,Torrism underwater photographer 
10/30/2025,10/30/2025,Survey Preview,,100,293,True,10/30/2025 0:46,R_1JLykFD5usoZPxw,,,,,21.3042,-157.8588,preview,EN,"Rock Climbing,Free Diving / Scuba Diving,Surfing,Slackline / Highline,Hiking",,"Acroyoga,LGBTQ,Boating,Music Production",Diving,5.0,Yes,Wisconsin,,2.0,,Nope.,Almost Always,A little,Central Oahu,Bachelor’s degree,Male,"Agnostic, Atheist, or non-religious",Heterosexual,Single,25 - 34,Military,
10/31/2025,10/31/2025,Survey Preview,,100,512,True,10/31/2025 1:25,R_6frPwh5hJkjXC77,,,,,21.329,-158.0119,preview,EN,"LGBTQ,Poetry,Fire Spinning,Surfing,Spiritual,Yoga",,"Free Diving / Scuba Diving,Running,Music,Dance,Music Production,Farming",Poetry,,Yes,Nevada,,8.0,,Yep.,Almost Always,A moderate amount,Honolulu,"Some college, but no degree",Female,Spiritual,Fluid,Polyamorous,25 - 34,"Freelance,Full-time student",
10/31/2025,10/31/2025,Survey Preview,,100,218,True,10/31/2025 1:34,R_623ezpXoz24W3tW,,,,,21.3266,-157.8621,preview,EN,"Poetry,Fire Spinning,Rock Climbing,Free Diving / Scuba Diving,Bar Scene,Surfing,Spiritual,Running,Calisthenics,Music,Theatre,Yoga,Hiking,Business / Entreprenuership",,"Volley Ball,LGBTQ,Poetry,Fire Spinning,Bar Scene,Surfing,Spiritual,Running,Calisthenics,Boating,Dance,Music Production,Slackline / Highline,Hiking,Tech",Bar Scene,3.0,Yes,California,,9.0,,Yep.,,A moderate amount,Honolulu,Bachelor’s degree,Female,"Agnostic, Atheist, or non-religious",Heterosexual,Single,35 - 44,"Freelance,Unemployed,Real Estate,Hospitality (service industry, tourism, etc)",
10/31/2025,10/31/2025,Survey Preview,,100,223,True,10/31/2025 1:38,R_7Vx7S5Zk5CvScgp,,,,,21.3266,-157.8621,preview,EN,"Music,Yoga,Hiking",,"Acroyoga,Volley Ball,LGBTQ,Fire Spinning,Free Diving / Scuba Diving,Bar Scene,Surfing,Running,Calisthenics,Music,Yoga,Slackline / Highline,Hiking,Business / Entrepreneurship,Farming,Hunting",Hiking,8.0,Yes,Hawaii,,32.0,,Yep.,Almost Always,A moderate amount,East Side,"Some college, but no degree",Female,"Agnostic, Atheist, or non-religious",Heterosexual,Taken - in a monogamous relationship,25 - 34,"Hospitality (service industry, tourism, etc)",
10/31/2025,10/31/2025,Survey Preview,,100,292,True,10/31/2025 1:39,R_710zjpwNIabWnqx,,,,,21.3042,-157.8588,preview,EN,"Music,Art / Vending,Yoga,Slackline / Highline",,"LGBTQ,Fire Spinning,Surfing,Music Production",Art / Vending,7.0,Yes,New York,,2.0,,Nope.,Half of the time,A little,Honolulu,Bachelor’s degree,Male,Spiritual,Heterosexual,Single,25 - 34,Other,Arts/Museum
10/31/2025,10/31/2025,Survey Preview,,100,221,True,10/31/2025 2:11,R_1fQbYXEiRtgHPWA,,,,,21.3266,-157.8621,preview,EN,"Fire Spinning,Rock Climbing,Running,Boating,Music,Dance,Art / Vending",,"Acroyoga,Volley Ball,LGBTQ,Poetry,Fire Spinning,Rock Climbing,Free Diving / Scuba Diving,Bar Scene,Surfing,Spiritual,Running,Calisthenics,SurfBreak,Boating,Music,Theatre,Dance,Art / Vending,Music Production,Yoga,Martial Arts,Paddling / Outrigger,Slackline / Highline,Hiking,Business / Entrepreneurship,Tech,Pickle Ball,Farming,Hunting",,8.0,No,,United States of America,37.0,,I'm still feeling it out... We'll see.,Sometimes,A moderate amount,Honolulu,"Graduate or professional degree (MA, MS, MBA, PhD, JD, MD, DDS etc.)",Male,"Agnostic, Atheist, or non-religious",Heterosexual,Single,35 - 44,"Business and Sales,Education,Research,Hospitality (service industry, tourism, etc)",
10/31/2025,10/31/2025,Survey Preview,,100,338,True,10/31/2025 2:47,R_1CIBK3YpiqGlZCh,,,,,21.4535,-158.0193,preview,EN,"Fire Spinning,Surfing,Spiritual,Music,Yoga,Farming",,"LGBTQ,Free Diving / Scuba Diving,Slackline / Highline",Surfing,6.0,No,,United States of America,8.0,,I'm still feeling it out... We'll see.,,A little,North Shore,Bachelor’s degree,Female,Other,Fluid,Fluid - open to whatever happens,35 - 44,Other,Childcare
11/5/2025,11/5/2025,Survey Preview,,100,382,True,11/5/2025 2:26,R_7SueewDat4oao9j,,,,,33.816,-117.9692,preview,EN,"Rock Climbing,Other / I don't see a community listed here,Business / Entreprenuership",Law Enforcement ,"Acroyoga,LGBTQ,Fire Spinning,Free Diving / Scuba Diving,Bar Scene,Surfing,Spiritual,Running,Music,Theatre,Music Production,Martial Arts,Paddling / Outrigger,Slackline / Highline,Hiking,Tech,Hunting",Rock Climbing,3.0,Yes,Hawaii,,34.0,,Yep.,Almost Always,A moderate amount,Central Oahu,Associates or technical degree,Male,Christian,Heterosexual,Taken - in a monogamous relationship,25 - 34,"Legal (lawyers, judges, officers, etc.)",
11/5/2025,11/5/2025,Survey Preview,,100,153,True,11/5/2025 18:10,R_6GHQjkbzkzTrz9A,,,,,21.3133,-157.823,preview,EN,"Acroyoga,Fire Spinning,Rock Climbing,Music,Music Production",,"Bar Scene,Surfing,Boating,Hiking,Business / Entrepreneurship",Fire Spinning,9.0,Yes,California,,14.0,,I'm still feeling it out... We'll see.,Almost Always,A moderate amount,Honolulu,"Graduate or professional degree (MA, MS, MBA, PhD, JD, MD, DDS etc.)",Male,Spiritual,Heterosexual,Single,25 - 34,Medical Field / Healthcare,
11/5/2025,11/5/2025,Survey Preview,,100,179,True,11/5/2025 19:44,R_6QSxKhftDPdnUrL,,,,,21.4535,-158.0193,preview,EN,"Fire Spinning,Spiritual,Music Production",,"Acroyoga,Volley Ball,LGBTQ,Rock Climbing,Free Diving / Scuba Diving,Surfing,Slackline / Highline","Music Production (Djs, light production, etc.)",9.0,Yes,Virginia,,3.0,,I'm still feeling it out... We'll see.,Almost Always,A moderate amount,Honolulu,Bachelor’s degree,Female,Spiritual,Heterosexual,Taken - in a monogamous relationship,25 - 34,Marketing,
11/7/2025,11/7/2025,Survey Preview,,100,187,True,11/7/2025 15:09,R_6qd49CyDbXXjo0V,,,,,39.2842,-76.6918,preview,EN,"Acroyoga,Fire Spinning,Rock Climbing,Free Diving / Scuba Diving,Spiritual,SurfBreak,Slackline / Highline",,"Volley Ball,Boating,Music Production,Paddling / Outrigger",Fire Spinning,5.0,Yes,Maryland,,1.0,,I'm still feeling it out... We'll see.,Almost Always,A little,Honolulu,"Graduate or professional degree (MA, MS, MBA, PhD, JD, MD, DDS etc.)",Female,Spiritual,Heterosexual,Single,25 - 34,Tech,
